idDonateur,adresse,telephone,numeroCarte,typeDeCarte,dateExpiration,prenom,surnom
1A,123 Sesame Street,555-123-4567,1234567812345678,A,2024-03-15,John,Doe
2B,456 Oak Avenue,555-987-6543,9876543298765432,M,2024-05-20,Jane,Smith
3C,789 Elm Drive,555-321-7890,7890123478901234,V,2024-08-10,Michael,Johnson
4D,101 Maple Lane,555-555-5555,1111222233334444,A,2024-09-25,Emily,Williams
5E,555 Pine Road,555-111-2222,5555666677778888,M,2024-11-05,Robert,Brown
6F,222 Birch Street,555-444-3333,2222333444455555,V,2024-12-12,Jennifer,Davis
7G,888 Cedar Court,555-666-9999,7777888899990000,A,2025-01-18,William,Miller
8H,333 Spruce Lane,555-999-8888,4444555566667777,M,2025-03-22,Linda,Garcia
9I,444 Pine Avenue,555-222-7777,9999000011112222,V,2025-04-30,David,Martinez
10J,999 Oak Road,555-888-1111,1234432156787890,A,2025-06-07,Sarah,Robinson
45,6411 24eme avenu,5144387458,4520412578458956,V,2026-10-24,Emilie,Echevin
